No,Root,Jenis
1,smw,Mu'tal
2,Alh,Mu'tal
3,rHm,Shahih
4,Hmd,Shahih
5,rbb,Shahih
6,Elm,Shahih
7,mlk,Shahih
8,ywm,Mu'tal
9,dyn,Mu'tal
10,Ebd,Shahih
11,Ewn,Mu'tal
12,hdy,Mu'tal
13,SrT,Shahih
14,qwm,Mu'tal
15,nEm,Shahih
16,gyr,Mu'tal
17,gDb,Shahih
18,Dll,Shahih
19,ktb,Shahih
20,ryb,Mu'tal
21,wqy,Mu'tal
22,Amn,Mu'tal
23,gyb,Mu'tal
24,Slw,Mu'tal
25,rzq,Shahih
26,nfq,Shahih
27,nzl,Shahih
28,qbl,Shahih
29,Axr,Mu'tal
30,yqn,Mu'tal
31,flH,Shahih
32,kfr,Shahih
33,swy,Mu'tal
34,n*r,Shahih
35,xtm,Shahih
36,qlb,Shahih
37,smE,Shahih
38,bSr,Shahih
39,g$w,Mu'tal
40,E*b,Shahih
41,EZm,Shahih
42,nws,Mu'tal
43,qwl,Mu'tal
44,xdE,Shahih
45,nfs,Shahih
46,$Er,Shahih
47,mrD,Shahih
48,zyd,Mu'tal
49,Alm,Mu'tal
50,kwn,Mu'tal
51,k*b,Shahih
52,fsd,Shahih
53,ArD,Mu'tal
54,SlH,Shahih
55,sfh,Shahih
56,lqy,Mu'tal
57,xlw,Mu'tal
58,$Tn,Shahih
59,hzA,Mu'tal
60,mdd,Shahih
61,Tgy,Mu'tal
62,Emh,Shahih
63,$ry,Mu'tal
64,rbH,Shahih
65,tjr,Shahih
66,mvl,Shahih
67,wqd,Mu'tal
68,nwr,Mu'tal
69,DwA,Mu'tal
70,Hwl,Mu'tal
71,*hb,Shahih
72,trk,Shahih
73,Zlm,Shahih
74,Smm,Shahih
75,bkm,Shahih
76,Emy,Mu'tal
77,rjE,Shahih
78,Swb,Mu'tal
79,rEd,Shahih
80,brq,Shahih
81,jEl,Shahih
82,SbE,Shahih
83,A*n,Mu'tal
84,SEq,Shahih
85,H*r,Shahih
86,mwt,Mu'tal
87,HwT,Mu'tal
88,kwd,Mu'tal
89,xTf,Shahih
90,kll,Shahih
91,m$y,Mu'tal
92,$yA,Mu'tal
93,qdr,Shahih
94,xlq,Shahih
95,fr$,Shahih
96,bny,Mu'tal
97,mwh,Mu'tal
98,xrj,Shahih
99,vmr,Shahih
100,ndd,Shahih
101,Aty,Mu'tal
102,swr,Mu'tal
103,dEw,Mu'tal
104,$hd,Shahih
105,dwn,Mu'tal
106,Sdq,Shahih
107,fEl,Shahih
108,Hjr,Shahih
109,Edd,Shahih
110,b$r,Shahih
111,Eml,Shahih
112,jnn,Shahih
113,jry,Mu'tal
114,tHt,Shahih
115,nhr,Shahih
116,$bh,Shahih
117,zwj,Mu'tal
118,Thr,Shahih
119,xld,Shahih
120,Hyy,Mu'tal
121,Drb,Shahih
122,bED,Shahih
123,fwq,Mu'tal
124,Hqq,Shahih
125,rwd,Mu'tal
126,kvr,Shahih
127,fsq,Shahih
128,nqD,Shahih
129,Ehd,Shahih
130,bEd,Shahih
131,wvq,Mu'tal
132,qTE,Shahih
133,Amr,Mu'tal
134,wSl,Mu'tal
135,xsr,Shahih
136,kyf,Mu'tal
137,jmE,Shahih
138,sbE,Shahih
139,xlf,Shahih
140,sfk,Shahih
141,dmw,Mu'tal
142,sbH,Shahih
143,qds,Shahih
144,ErD,Shahih
145,nbA,Mu'tal
146,Hkm,Shahih
147,bdw,Mu'tal
148,ktm,Shahih
149,sjd,Shahih
150,Aby,Mu'tal
151,kbr,Shahih
152,skn,Shahih
153,Akl,Mu'tal
154,rgd,Shahih
155,Hyv,Mu'tal
156,qrb,Shahih
157,$jr,Shahih
158,zll,Shahih
159,hbT,Shahih
160,Edw,Mu'tal
161,qrr,Shahih
162,mtE,Shahih
163,Hyn,Mu'tal
164,klm,Shahih
165,twb,Mu'tal
166,tbE,Shahih
167,xwf,Mu'tal
168,Hzn,Shahih
169,Ayy,Mu'tal
170,SHb,Shahih
171,*kr,Shahih
172,wfy,Mu'tal
173,rhb,Shahih
174,Awl,Mu'tal
175,vmn,Shahih
176,qll,Shahih
177,lbs,Shahih
178,bTl,Shahih
179,zkw,Mu'tal
180,rkE,Shahih
181,brr,Shahih
182,nsy,Mu'tal
183,tlw,Mu'tal
184,Eql,Shahih
185,Sbr,Shahih
186,x$E,Shahih
187,Znn,Shahih
188,fDl,Shahih
189,jzy,Mu'tal
190,$fE,Shahih
191,Ax*,Mu'tal
192,Edl,Shahih
193,nSr,Shahih
194,njw,Mu'tal
195,swm,Mu'tal
196,swA,Mu'tal
197,*bH,Shahih
198,nsw,Mu'tal
199,blw,Mu'tal
200,frq,Shahih
201,bHr,Shahih
202,grq,Shahih
203,nZr,Shahih
204,wEd,Mu'tal
205,rbE,Shahih
206,lyl,Mu'tal
207,Ejl,Shahih
208,Efw,Mu'tal
209,$kr,Shahih
210,brA,Mu'tal
211,qtl,Shahih
212,xyr,Mu'tal
213,End,Shahih
214,rAy,Mu'tal
215,jhr,Shahih
216,bEv,Shahih
217,Zll,Shahih
218,gmm,Shahih
219,mnn,Shahih
220,slw,Mu'tal
221,Tyb,Mu'tal
222,dxl,Shahih
223,qry,Mu'tal
224,bwb,Mu'tal
225,HTT,Shahih
226,gfr,Shahih
227,xTA,Mu'tal
228,Hsn,Shahih
229,bdl,Shahih
230,rjz,Shahih
231,sqy,Mu'tal
232,ESw,Mu'tal
233,fjr,Shahih
234,vny,Mu'tal
235,E$r,Shahih
236,Eyn,Mu'tal
237,Ans,Mu'tal
238,$rb,Shahih
239,Evw,Mu'tal
240,TEm,Shahih
241,wHd,Mu'tal
242,nbt,Shahih
243,bql,Shahih
244,qvA,Mu'tal
245,fwm,Mu'tal
246,Eds,Shahih
247,bSl,Shahih
248,dnw,Mu'tal
249,mSr,Shahih
250,sAl,Mu'tal
251,*ll,Shahih
252,bwA,Mu'tal
253,ESy,Mu'tal
254,hwd,Mu'tal
255,SbA,Mu'tal
256,Ajr,Mu'tal
257,rfE,Shahih
258,Twr,Mu'tal
259,qwy,Mu'tal
260,wly,Mu'tal
261,sbt,Shahih
262,qrd,Shahih
263,xsA,Mu'tal
264,nkl,Shahih
265,byn,Mu'tal
266,ydy,Mu'tal
267,wEZ,Mu'tal
268,bqr,Shahih
269,Ew*,Mu'tal
270,jhl,Shahih
271,frD,Shahih
272,bkr,Shahih
273,lwn,Mu'tal
274,Sfr,Shahih
275,fqE,Shahih
276,srr,Shahih
277,vwr,Mu'tal
278,Hrv,Shahih
279,slm,Shahih
280,w$y,Mu'tal
281,jyA,Mu'tal
282,drA,Mu'tal
283,qsw,Mu'tal
284,$dd,Shahih
285,$qq,Shahih
286,x$y,Mu'tal
287,gfl,Shahih
288,TmE,Shahih
289,Hrf,Shahih
290,Hdv,Shahih
291,ftH,Shahih
292,Hjj,Shahih
293,Eln,Shahih
294,Amm,Mu'tal
295,mny,Mu'tal
296,ksb,Shahih
297,mss,Shahih
298,wld,Mu'tal
299,ytm,Mu'tal
300,dwr,Mu'tal
301,Zhr,Shahih
302,Avm,Mu'tal
303,Asr,Mu'tal
304,fdy,Mu'tal
305,Hrm,Shahih
306,xzy,Mu'tal
307,rdd,Shahih
308,xff,Shahih
309,qfw,Mu'tal
310,rsl,Shahih
311,Ayd,Mu'tal
312,rwH,Mu'tal
313,hwy,Mu'tal
314,glf,Shahih
315,lEn,Shahih
316,Erf,Shahih
317,bAs,Mu'tal
318,bgy,Mu'tal
319,hwn,Mu'tal
320,wry,Mu'tal
321,xlS,Shahih
322,Abd,Mu'tal
323,qdm,Shahih
324,wjd,Mu'tal
325,HrS,Shahih
326,$rk,Shahih
327,wdd,Mu'tal
328,AHd,Mu'tal
329,Emr,Shahih
330,Alf,Mu'tal
331,snw,Mu'tal
332,zHzH,Shahih
333,nb*,Shahih
334,sHr,Shahih
335,ftn,Shahih
336,mrA,Mu'tal
337,Drr,Shahih
338,nfE,Shahih
339,vwb,Mu'tal
340,rEy,Mu'tal
341,Ahl,Mu'tal
342,xSS,Shahih
343,nsx,Shahih
344,sbl,Shahih
345,Hsd,Shahih
346,SfH,Shahih
347,hAt,Mu'tal
348,brhn,Shahih
349,wjh,Mu'tal
350,lys,Mu'tal
351,mnE,Shahih
352,sEy,Mu'tal
353,xrb,Shahih
354,$rq,Shahih
355,grb,Shahih
356,wsE,Mu'tal
357,qnt,Shahih
358,bdE,Shahih
359,qDy,Mu'tal
360,jHm,Shahih
361,rDw,Mu'tal
362,mll,Shahih
363,tmm,Shahih
364,*rr,Shahih
365,nyl,Mu'tal
366,byt,Mu'tal
367,Twf,Mu'tal
368,Ekf,Shahih
369,bld,Shahih
370,Syr,Mu'tal
371,qEd,Shahih
372,nsk,Shahih
373,Ezz,Shahih
374,rgb,Shahih
375,Sfw,Mu'tal
376,wSy,Mu'tal
377,HDr,Shahih
378,Abw,Mu'tal
379,Hnf,Shahih
380,sbT,Shahih
381,kfy,Mu'tal
382,Sbg,Shahih
383,wsT,Mu'tal
384,Eqb,Shahih
385,DyE,Mu'tal
386,rAf,Mu'tal
387,$Tr,Shahih
388,mry,Mu'tal
389,sbq,Shahih
390,jwE,Mu'tal
391,nqS,Shahih
392,mwl,Mu'tal
393,jnH,Shahih
394,TwE,Mu'tal
395,flk,Shahih
396,bvv,Shahih
397,dbb,Shahih
398,Srf,Shahih
399,sHb,Shahih
400,sxr,Shahih
401,Hbb,Shahih
402,sbb,Shahih
403,krr,Shahih
404,Hsr,Shahih
405,Hll,Shahih
406,xTw,Mu'tal
407,fH$,Shahih
408,lfw,Mu'tal
409,nEq,Shahih
410,ndw,Mu'tal
411,lHm,Shahih
412,xnzr,Shahih
413,hll,Shahih
414,bTn,Shahih
415,rqb,Shahih
416,qSS,Shahih
417,Hrr,Shahih
418,Anv,Mu'tal
419,Axw,Mu'tal
420,Ady,Mu'tal
421,lbb,Shahih
422,jnf,Shahih
423,Swm,Mu'tal
424,sfr,Shahih
425,Twq,Mu'tal
426,$hr,Shahih
427,qrA,Mu'tal
428,ysr,Mu'tal
429,Esr,Shahih
430,kml,Shahih
431,jwb,Mu'tal
432,r$d,Shahih
433,rfv,Shahih
434,xwn,Mu'tal
435,xyT,Mu'tal
436,byD,Mu'tal
437,swd,Mu'tal
438,Hdd,Shahih
439,dlw,Mu'tal
440,wqt,Mu'tal
441,vqf,Shahih
442,nhy,Mu'tal
443,hlk,Shahih
444,HSr,Shahih
445,Hlq,Shahih
446,rAs,Mu'tal
447,blg,Shahih
448,A*y,Mu'tal
449,vlv,Shahih
450,jdl,Shahih
451,zwd,Mu'tal
452,fyD,Mu'tal
453,nSb,Shahih
454,srE,Shahih
455,Hsb,Shahih
456,H$r,Shahih
457,Ejb,Shahih
458,ldd,Shahih
459,xSm,Shahih
460,nsl,Shahih
461,mhd,Shahih
462,kff,Shahih
463,zyn,Mu'tal
464,zlzl,Shahih
465,krh,Shahih
466,Esy,Mu'tal
467,$rr,Shahih
468,Sdd,Shahih
469,zyl,Mu'tal
470,HbT,Shahih
471,hjr,Shahih
472,jhd,Shahih
473,rjw,Mu'tal
474,xmr,Shahih
475,fkr,Shahih
476,xlT,Shahih
477,Ent,Shahih
478,nkH,Shahih
479,Amw,Mu'tal
480,HyD,Mu'tal
481,Ezl,Shahih
482,Any,Mu'tal
483,ymn,Mu'tal
484,lgw,Mu'tal
485,Hlm,Shahih
486,Alw,Mu'tal
487,rbS,Shahih
488,fyA,Mu'tal
489,Ezm,Shahih
490,Tlq,Shahih
491,bEl,Shahih
492,rjl,Shahih
493,drj,Shahih
494,mrr,Shahih
495,msk,Shahih
496,srH,Shahih
497,Ajl,Mu'tal
498,EDl,Shahih
499,rDE,Shahih
500,ksw,Mu'tal
501,klf,Shahih
502,wrv,Mu'tal
503,fSl,Shahih
504,$wr,Mu'tal
505,w*r,Mu'tal
506,xbr,Shahih
507,xTb,Shahih
508,knn,Shahih
509,Eqd,Shahih
510,qtr,Shahih
511,nSf,Shahih
512,HfZ,Shahih
513,rkb,Shahih
514,qrD,Shahih
515,DEf,Shahih
516,qbD,Shahih
517,bsT,Shahih
518,mlA,Mu'tal
519,jsm,Shahih
520,bqy,Mu'tal
521,Hml,Shahih
522,jnd,Shahih
523,grf,Shahih
524,jwz,Mu'tal
525,fAy,Mu'tal
526,glb,Shahih
527,brz,Shahih
528,frg,Shahih
529,vbt,Shahih
530,hzm,Shahih
531,dfE,Shahih
532,byE,Mu'tal
533,xll,Shahih
534,wsn,Mu'tal
535,nwm,Mu'tal
536,krs,Shahih
537,Awd,Mu'tal
538,Elw,Mu'tal
539,gwy,Mu'tal
540,Erw,Mu'tal
541,fSm,Shahih
542,$ms,Shahih
543,bht,Shahih
544,xwy,Mu'tal
545,Er$,Shahih
546,mAy,Mu'tal
547,Ewm,Mu'tal
548,lbv,Shahih
549,snh,Shahih
550,Hmr,Shahih
551,n$z,Shahih
552,Tmn,Shahih
553,Tyr,Mu'tal
554,Swr,Mu'tal
555,jbl,Shahih
556,jzA,Mu'tal
557,snbl,Shahih
558,gny,Mu'tal
559,trb,Shahih
560,wbl,Mu'tal
561,Sld,Shahih
562,rbw,Mu'tal
563,Tll,Shahih
564,nxl,Shahih
565,Enb,Shahih
566,ESr,Shahih
567,Hrq,Shahih
568,ymm,Mu'tal
569,xbv,Shahih
570,gmD,Shahih
571,fqr,Shahih
572,xfy,Mu'tal
573,Eff,Shahih
574,lHf,Shahih
575,xbT,Shahih
576,slf,Shahih
577,Ewd,Mu'tal
578,mHq,Shahih
579,Hrb,Shahih
580,bxs,Shahih
581,sAm,Mu'tal
582,Sgr,Shahih
583,qsT,Shahih
584,rhn,Shahih
585,ASr,Mu'tal
586,nqm,Shahih
587,zyg,Mu'tal
588,rsx,Shahih
589,whb,Mu'tal
590,ldn,Shahih
591,dAb,Mu'tal
592,*nb,Shahih
593,Ebr,Shahih
594,$hw,Mu'tal
595,qnTr,Shahih
596,fDD,Shahih
597,xyl,Mu'tal
598,Awb,Mu'tal
599,grr,Shahih
600,fry,Mu'tal
601,nzE,Shahih
602,wlj,Mu'tal
603,Sdr,Shahih
604,Amd,Mu'tal
605,wDE,Mu'tal
606,rjm,Shahih
607,kfl,Shahih
608,glm,Shahih
609,Eqr,Shahih
610,rmz,Shahih
611,E$w,Mu'tal
612,wHy,Mu'tal
613,qlm,Shahih
614,khl,Shahih
615,Tyn,Mu'tal
616,hyA,Mu'tal
617,nfx,Shahih
618,kmh,Shahih
619,brS,Shahih
620,*xr,Shahih
621,Hss,Shahih
622,Hwr,Mu'tal
623,mkr,Shahih
624,bhl,Shahih
625,dnr,Shahih
626,dwm,Mu'tal
627,lwy,Mu'tal
628,lsn,Shahih
629,drs,Shahih
630,brk,Shahih
631,Ewj,Mu'tal
632,ESm,Shahih
633,Hbl,Shahih
634,SbH,Shahih
635,$fw,Mu'tal
636,Hfr,Shahih
637,nq*,Shahih
638,nkr,Shahih
639,*wq,Mu'tal
640,dbr,Shahih
641,Srr,Shahih
642,xbl,Shahih
643,bgD,Shahih
644,fwh,Mu'tal
645,EDD,Shahih
646,nml,Shahih
647,gyZ,Mu'tal
648,frH,Shahih
649,kyd,Mu'tal
650,gdw,Mu'tal
651,hmm,Shahih
652,f$l,Shahih
653,wkl,Mu'tal
654,fwr,Mu'tal
655,xms,Shahih
656,Trf,Shahih
657,kbt,Shahih
658,xyb,Mu'tal
659,kZm,Shahih
660,snn,Shahih
661,syr,Mu'tal
662,whn,Mu'tal
663,qrH,Shahih
664,dwl,Mu'tal
665,mHS,Shahih
666,kyn,Mu'tal
667,srf,Shahih
668,rEb,Shahih
669,slT,Shahih
670,Awy,Mu'tal
671,vwy,Mu'tal
672,SEd,Shahih
673,fwt,Mu'tal
674,nEs,Shahih
675,DjE,Shahih
676,gzw,Mu'tal
677,lyn,Mu'tal
678,fZZ,Shahih
679,glZ,Shahih
680,x*l,Shahih
681,gll,Shahih
682,sxT,Shahih
683,lHq,Shahih
684,HZZ,Shahih
685,mlw,Mu'tal
686,myz,Mu'tal
687,TlE,Shahih
688,jby,Mu'tal
689,bxl,Shahih
690,zbr,Shahih
691,fwz,Mu'tal
692,jnb,Shahih
693,rbT,Shahih
694,Hwb,Mu'tal
695,Ewl,Mu'tal
696,nHl,Shahih
697,hnA,Mu'tal
698,bdr,Shahih
699,qsm,Shahih
700,sdd,Shahih
701,Sly,Mu'tal
702,sEr,Shahih
703,sds,Shahih
704,dry,Mu'tal
705,Etd,Shahih
706,fDw,Mu'tal
707,mqt,Shahih
708,Emm,Shahih
709,xwl,Mu'tal
710,Slb,Shahih
711,HSn,Shahih
712,sfH,Shahih
713,Twl,Mu'tal
714,fty,Mu'tal
715,xdn,Shahih
716,myl,Mu'tal
717,krm,Shahih
718,wfq,Mu'tal
719,jwr,Mu'tal
720,fxr,Shahih
721,qrn,Shahih
722,vql,Shahih
723,skr,Shahih
724,gsl,Shahih
725,gwT,Mu'tal
726,lms,Shahih
727,msH,Shahih
728,TEn,Shahih
729,Tms,Shahih
730,ftl,Shahih
731,jbt,Shahih
732,nqr,Shahih
733,nDj,Shahih
734,jld,Shahih
735,zEm,Shahih
736,Hlf,Shahih
737,Hrj,Shahih
738,rfq,Shahih
739,nfr,Shahih
740,vby,Mu'tal
741,bTA,Mu'tal
742,drk,Shahih
743,brj,Shahih
744,$yd,Mu'tal
745,fqh,Shahih
746,*yE,Mu'tal
747,nbT,Shahih
748,HrD,Shahih
749,qwt,Mu'tal
750,rks,Shahih
751,wdy,Mu'tal
752,Emd,Shahih
753,gnm,Shahih
754,rgm,Shahih
755,wqE,Mu'tal
756,qSr,Shahih
757,slH,Shahih
758,mTr,Shahih
759,rmy,Mu'tal
760,mrd,Shahih
761,btk,Shahih
762,HyS,Mu'tal
763,$HH,Shahih
764,Elq,Shahih
765,xwD,Mu'tal
766,Hw*,Mu'tal
767,ksl,Shahih
768,*b*b,Shahih
769,sfl,Shahih
770,TbE,Shahih
771,$kk,Shahih
772,Trq,Shahih
773,glw,Mu'tal
774,nkf,Shahih
775,bhm,Shahih
776,Syd,Mu'tal
777,qld,Shahih
778,jrm,Shahih
779,$nA,Mu'tal
780,xnq,Shahih
781,wq*,Mu'tal
782,rdy,Mu'tal
783,nTH,Shahih
784,*kw,Mu'tal
785,zlm,Shahih
786,yAs,Mu'tal
787,xmS,Shahih
788,jrH,Shahih
789,klb,Shahih
790,kEb,Shahih
791,nqb,Shahih
792,Ezr,Shahih
793,grw,Mu'tal
794,SnE,Shahih
795,ftr,Shahih
796,jbr,Shahih
797,tyh,Mu'tal
798,Asw,Mu'tal
799,bHv,Shahih
800,Ejz,Shahih
801,ndm,Shahih
802,nfy,Mu'tal
803,wsl,Mu'tal
804,srq,Shahih
805,sHt,Shahih
806,Hbr,Shahih
807,Anf,Mu'tal
808,Avr,Mu'tal
809,hmn,Shahih
810,$rE,Shahih
811,nhj,Shahih
812,lwm,Mu'tal
813,Hzb,Shahih
814,lEb,Shahih
815,TfA,Mu'tal
816,qSd,Shahih
817,Afk,Mu'tal
818,qss,Shahih
819,dmE,Shahih
820,rjs,Shahih
821,rmH,Shahih
822,syb,Mu'tal
823,Hmy,Mu'tal
824,Hbs,Shahih
825,Evr,Shahih
826,myd,Mu'tal
827,mkn,Shahih
828,drr,Shahih
829,n$A,Mu'tal
830,qrTs,Shahih
831,Hyq,Mu'tal
832,fTr,Shahih
833,k$f,Shahih
834,qhr,Shahih
835,wqr,Mu'tal
836,sTr,Shahih
837,nAy,Mu'tal
838,wqf,Mu'tal
839,swE,Mu'tal
840,bgt,Shahih
841,frT,Shahih
842,wzr,Mu'tal
843,lhw,Mu'tal
844,jHd,Shahih
845,DrE,Shahih
846,bls,Shahih
847,Sdf,Shahih
848,xzn,Shahih
849,Trd,Shahih
850,sqT,Shahih
851,wrq,Mu'tal
852,rTb,Shahih
853,ybs,Mu'tal
854,krb,Shahih
855,$yE,Mu'tal
856,bsl,Shahih
857,Hmm,Shahih
858,Hyr,Mu'tal
859,Snm,Shahih
860,kwkb,Mu'tal
861,Afl,Mu'tal
862,qmr,Shahih
863,bzg,Shahih
864,qdw,Mu'tal
865,gmr,Shahih
866,frd,Shahih
867,flq,Shahih
868,nwy,Mu'tal
869,njm,Shahih
870,wdE,Mu'tal
871,xDr,Shahih
872,qnw,Mu'tal
873,zyt,Mu'tal
874,rmn,Shahih
875,ynE,Mu'tal
876,xrq,Shahih
877,wSf,Mu'tal
878,lTf,Shahih
879,fAd,Mu'tal
880,zxrf,Shahih
881,Sgw,Mu'tal
882,qrf,Shahih
883,xrS,Shahih
884,$rH,Shahih
885,Dyq,Mu'tal
886,*rA,Mu'tal
887,zrE,Shahih
888,HSd,Shahih
889,DAn,Mu'tal
890,mEz,Shahih
891,$ml,Shahih
892,Abl,Mu'tal
893,Zfr,Shahih
894,$Hm,Shahih
895,Hwy,Mu'tal
896,lmm,Shahih
897,mlq,Shahih
898,kyl,Mu'tal
899,wzn,Mu'tal
900,qyl,Mu'tal
901,Ey$,Mu'tal
902,*Am,Mu'tal
903,dHr,Shahih
904,wsws,Mu'tal
905,nSH,Shahih
906,dll,Shahih
907,Tfq,Shahih
908,xSf,Shahih
909,ry$,Mu'tal
910,bdA,Mu'tal
911,jml,Shahih
912,smm,Shahih
913,Hjb,Shahih
914,stt,Shahih
915,Tlb,Shahih
916,Hvv,Shahih
917,swq,Mu'tal
918,nkd,Shahih
919,nwq,Mu'tal
920,shl,Shahih
921,nHt,Shahih
922,Etw,Mu'tal
923,rjf,Shahih
924,jvm,Shahih
925,gbr,Shahih
926,DHw,Mu'tal
927,vEb,Shahih
928,mdn,Shahih
929,lqf,Shahih
930,jrd,Shahih
931,qml,Shahih
932,DfdE,Shahih
933,nkv,Shahih
934,dmr,Shahih
935,tbr,Shahih
936,jlw,Mu'tal
937,dkk,Shahih
938,xrr,Shahih
939,lwH,Mu'tal
940,Hly,Mu'tal
941,jsd,Shahih
942,xwr,Mu'tal
943,Asf,Mu'tal
944,jrr,Shahih
945,$mt,Shahih
946,skt,Shahih
947,bjs,Shahih
948,Hwt,Mu'tal
949,E*r,Shahih
950,ntq,Shahih
951,slx,Shahih
952,lhv,Shahih
953,lHd,Shahih
954,mtn,Shahih
955,rsw,Mu'tal
956,Hfw,Mu'tal
957,Smt,Shahih
958,bT$,Shahih
959,nzg,Shahih
960,nSt,Shahih
961,ASl,Mu'tal
962,nfl,Shahih
963,wjl,Mu'tal
964,$wk,Mu'tal
965,gwv,Mu'tal
966,rdf,Shahih
967,Enq,Shahih
968,bnn,Shahih
969,zHf,Shahih
970,Hwz,Mu'tal
971,mkw,Mu'tal
972,Sdy,Mu'tal
973,rkm,Shahih
974,mDy,Mu'tal
975,qSw,Mu'tal
976,bTr,Shahih
977,nkS,Shahih
978,$rd,Shahih
979,vxn,Shahih
980,syH,Mu'tal
981,rSd,Shahih
982,All,Mu'tal
983,*mm,Shahih
984,$fy,Mu'tal
985,ksd,Shahih
986,wTn,Mu'tal
987,rHb,Shahih
988,njs,Shahih
989,Eyl,Mu'tal
990,ETw,Mu'tal
991,DhA,Mu'tal
992,knz,Shahih
993,kwy,Mu'tal
994,jbh,Shahih
995,nsA,Mu'tal
996,wTA,Mu'tal
997,gwr,Mu'tal
998,vbT,Shahih
999,zhq,Shahih
1000,ljA,Mu'tal
1001,jmH,Shahih
1002,lmz,Shahih
1003,grm,Shahih
1004,DHk,Shahih
1005,bky,Mu'tal
1006,qbr,Shahih
1007,Erb,Shahih
1008,jdr,Shahih
1009,Ass,Mu'tal
1010,jrf,Shahih
1011,hwr,Mu'tal
1012,Awh,Mu'tal
1013,ZmA,Mu'tal
1014,ESf,Shahih
1015,mwj,Mu'tal
1016,rhq,Shahih
1017,$An,Mu'tal
1018,Ezb,Shahih
1019,lft,Shahih
1020,bdn,Shahih
1021,xbt,Shahih
1022,r*l,Shahih
1023,lzm,Shahih
1024,zry,Mu'tal
1025,blE,Shahih
1026,qlE,Shahih
1027,gyD,Mu'tal
1028,nSy,Mu'tal
1029,SyH,Mu'tal
1030,Hn*,Shahih
1031,wjs,Mu'tal
1032,$yx,Mu'tal
1033,mjd,Shahih
1034,rwE,Mu'tal
1035,nwb,Mu'tal
1036,*rE,Shahih
1037,ESb,Shahih
1038,hrE,Shahih
1039,Dyf,Mu'tal
1040,rkn,Shahih
1041,sry,Mu'tal
1042,sjl,Shahih
1043,nDd,Shahih
1044,rhT,Shahih
1045,wrd,Mu'tal
1046,rfd,Shahih
1047,tbb,Shahih
1048,$qw,Mu'tal
1049,sEd,Shahih
1050,zfr,Shahih
1051,$hq,Shahih
1052,j**,Shahih
1053,zlf,Shahih
1054,trf,Shahih
1055,TrH,Shahih
1056,jbb,Shahih
1057,lqT,Shahih
1058,rtE,Shahih
1059,*Ab,Mu'tal
1060,qmS,Shahih
1061,swl,Mu'tal
1062,bDE,Shahih
1063,drhm,Shahih
1064,zhd,Shahih
1065,glq,Shahih
1066,hyt,Mu'tal
1067,qdd,Shahih
1068,sjn,Shahih
1069,$gf,Shahih
1070,wkA,Mu'tal
1071,Hw$,Mu'tal
1072,Sbw,Mu'tal
1073,xbz,Shahih
1074,smn,Shahih
1075,Ejf,Shahih
1076,Dgv,Shahih
1077,gyv,Mu'tal
1078,bwl,Mu'tal
1079,HSHS,Shahih
1080,jhz,Shahih
1081,rHl,Shahih
1082,myr,Mu'tal
1083,bEr,Shahih
1084,Hwj,Mu'tal
1085,Eyr,Mu'tal
1086,fqd,Shahih
1087,SwE,Mu'tal
1088,wEy,Mu'tal
1089,brH,Shahih
1090,ftA,Mu'tal
1091,$kw,Mu'tal
1092,zjw,Mu'tal
1093,vrb,Shahih
1094,fnd,Shahih
1095,Snw,Mu'tal
1096,jdd,Shahih
1097,srb,Shahih
1098,mHl,Shahih
1099,syl,Mu'tal
1100,zbd,Shahih
1101,jfA,Mu'tal
1102,mkv,Shahih
1103,qrE,Shahih
1104,mHw,Mu'tal
1105,jrE,Shahih
1106,swg,Mu'tal
1107,rmd,Shahih
1108,jzE,Shahih
1109,Srx,Shahih
1110,frE,Shahih
1111,jvv,Shahih
1112,bwr,Mu'tal
1113,HSy,Mu'tal
1114,$xS,Shahih
1115,hTE,Shahih
1116,qnE,Shahih
1117,zwl,Mu'tal
1118,Sfd,Shahih
1119,srbl,Shahih
1120,qTr,Shahih
1121,Aml,Mu'tal
1122,slk,Shahih
1123,Erj,Shahih
1124,$hb,Shahih
1125,lqH,Shahih
1126,SlSl,Shahih
1127,HmA,Mu'tal
1128,qnT,Shahih
1129,fDH,Shahih
1130,wsm,Mu'tal
1131,xfD,Shahih
1132,EDw,Mu'tal
1133,SdE,Shahih
1134,nTf,Shahih
1135,dfA,Mu'tal
1136,bgl,Shahih
1137,Trw,Mu'tal
1138,mxr,Shahih
1139,sqf,Shahih
1140,xsf,Shahih
1141,dxr,Shahih
1142,wSb,Mu'tal
1143,jAr,Mu'tal
1144,dss,Shahih
1145,frv,Shahih
1146,lbn,Shahih
1147,Hfd,Shahih
1148,lmH,Shahih
1149,jww,Mu'tal
1150,ZEn,Shahih
1151,Swf,Mu'tal
1152,wbr,Mu'tal
1153,Avv,Mu'tal
1154,Etb,Shahih
1155,wkd,Mu'tal
1156,gzl,Shahih
1157,nfd,Shahih
1158,Ejm,Shahih
1159,jws,Mu'tal
1160,n$r,Shahih
1161,HZr,Shahih
1162,klw,Mu'tal
1163,Aff,Mu'tal
1164,b*r,Shahih
1165,zny,Mu'tal
1166,qsTs,Shahih
1167,mrH,Shahih
1168,str,Shahih
1169,rft,Shahih
1170,ngD,Shahih
1171,Hnk,Shahih
1172,wfr,Mu'tal
1173,fzz,Shahih
1174,Swt,Mu'tal
1175,jlb,Shahih
1176,HSb,Shahih
1177,twr,Mu'tal
1178,qSf,Shahih
1179,dlk,Shahih
1180,gsq,Shahih
1181,hjd,Shahih
1182,$kl,Shahih
1183,nbE,Shahih
1184,ksf,Shahih
1185,rqy,Mu'tal
1186,xbw,Mu'tal
1187,tsE,Shahih
1188,vbr,Shahih
1189,lff,Shahih
1190,*qn,Shahih
1191,xft,Shahih
1192,bxE,Shahih
1193,jrz,Shahih
1194,khf,Shahih
1195,rqm,Shahih
1196,$TT,Shahih
1197,zwr,Mu'tal
1198,fjw,Mu'tal
1199,yqZ,Mu'tal
1200,rqd,Shahih
1201,wSd,Mu'tal
1202,frr,Shahih
1203,srdq,Shahih
1204,mhl,Shahih
1205,$wy,Mu'tal
1206,Ark,Mu'tal
1207,Hff,Shahih
1208,byd,Mu'tal
1209,zlq,Shahih
1210,h$m,Shahih
1211,*rw,Mu'tal
1212,gdr,Shahih
1213,Sff,Shahih
1214,$fq,Shahih
1215,EDd,Shahih
1216,wbq,Mu'tal
1217,dHD,Shahih
1218,wAl,Mu'tal
1219,Hqb,Shahih
1220,Sxr,Shahih
1221,sfn,Shahih
1222,qDD,Shahih
1223,Eyb,Mu'tal
1224,gSb,Shahih
1225,rdm,Shahih
1226,gTw,Mu'tal
1227,$El,Shahih
1228,$yb,Mu'tal
1229,Hnn,Shahih
1230,mxD,Shahih
1231,j*E,Shahih
1232,hzz,Shahih
1233,jny,Mu'tal
1234,jvw,Mu'tal
1235,Htm,Shahih
1236,Ddd,Shahih
1237,Azz,Mu'tal
1238,wfd,Mu'tal
1239,Add,Mu'tal
1240,hdd,Shahih
1241,rkz,Shahih
1242,vry,Mu'tal
1243,qbs,Shahih
1244,xlE,Shahih
1245,nEl,Shahih
1246,Twy,Mu'tal
1247,h$$,Shahih
1248,Arb,Mu'tal
1249,Dmm,Shahih
1250,Azr,Mu'tal
1251,q*f,Shahih
1252,sHl,Shahih
1253,wny,Mu'tal
1254,$tt,Shahih
1255,smr,Shahih
1256,lHy,Mu'tal
1257,nsf,Shahih
1258,zrq,Shahih
1259,qwE,Mu'tal
1260,SfSf,Shahih
1261,Amt,Mu'tal
1262,hms,Shahih
1263,Enw,Mu'tal
1264,hDm,Shahih
1265,Ery,Mu'tal
1266,Dnk,Shahih
1267,zhr,Shahih
1268,SHf,Shahih
1269,qSm,Shahih
1270,rkD,Shahih
1271,xmd,Shahih
1272,dmg,Shahih
1273,rtq,Shahih
1274,ftq,Shahih
1275,fjj,Shahih
1276,klA,Mu'tal
1277,nfH,Shahih
1278,xrdl,Shahih
1279,nTq,Shahih
1280,nks,Shahih
1281,brd,Shahih
1282,nf$,Shahih
1283,fhm,Shahih
1284,gwS,Mu'tal
1285,nwn,Mu'tal
1286,frj,Shahih
1287,Hdb,Shahih
1288,fzE,Shahih
1289,*hl,Shahih
1290,mDg,Shahih
1291,Tfl,Shahih
1292,hmd,Shahih
1293,bhj,Shahih
1294,ETf,Shahih
1295,mjs,Shahih
1296,Sbb,Shahih
1297,Shr,Shahih
1298,qmE,Shahih
1299,lAlA,Mu'tal
1300,Dmr,Shahih
1301,Emq,Shahih
1302,tfv,Shahih
1303,Etq,Shahih
1304,wvn,Mu'tal
1305,sHq,Shahih
1306,wjb,Mu'tal
1307,Err,Shahih
1308,hdm,Shahih
1309,SmE,Shahih
1310,bAr,Mu'tal
1311,ETl,Shahih
1312,Eqm,Shahih
1313,sTw,Mu'tal
1314,*bb,Shahih
1315,slb,Shahih
1316,sll,Shahih
1317,fkh,Shahih
1318,dhn,Shahih
1319,gvw,Mu'tal
1320,wtr,Mu'tal
1321,nkb,Shahih
1322,ljj,Shahih
1323,hmz,Shahih
1324,nsb,Shahih
1325,lfH,Shahih
1326,klH,Shahih
1327,Ebv,Shahih
1328,gDD,Shahih
1329,jyb,Mu'tal
1330,Ewr,Mu'tal
1331,Aym,Mu'tal
1332,zjj,Shahih
1333,wdq,Mu'tal
1334,*En,Shahih
1335,Hyf,Mu'tal
1336,lw*,Mu'tal
1337,hbw,Mu'tal
1338,nvr,Shahih
1339,fln,Shahih
1340,rtl,Shahih
1341,fsr,Shahih
1342,rss,Shahih
1343,mrj,Shahih
1344,frt,Shahih
1345,mlH,Shahih
1346,Ajj,Mu'tal
1347,srj,Shahih
1348,EbA,Mu'tal
1349,xDE,Shahih
1350,Dyr,Mu'tal
1351,$r*m,Shahih
1352,Twd,Mu'tal
1353,kbkb,Shahih
1354,$Hn,Shahih
1355,ryE,Mu'tal
1356,frh,Shahih
1357,qly,Mu'tal
1358,hym,Mu'tal
1359,wzE,Mu'tal
1360,HTm,Shahih
1361,bsm,Shahih
1362,hdhd,Shahih
1363,xbA,Mu'tal
1364,Efr,Shahih
1365,SrH,Shahih
1366,Hdq,Shahih
1367,Hjz,Shahih
1368,fwj,Mu'tal
1369,jmd,Shahih
1370,tqn,Shahih
1371,kbb,Shahih
1372,wkz,Mu'tal
1373,*wd,Mu'tal
1374,j*w,Mu'tal
1375,$TA,Mu'tal
1376,bqE,Shahih
1377,fSH,Shahih
1378,rdA,Mu'tal
1379,qbH,Shahih
1380,srmd,Shahih
1381,nwA,Mu'tal
1382,Enkb,Shahih
1383,xTT,Shahih
1384,rwD,Mu'tal
1385,msw,Mu'tal
1386,SEr,Shahih
1387,xdd,Shahih
1388,sbg,Shahih
1389,xtr,Shahih
1390,mhn,Shahih
1391,jfw,Mu'tal
1392,jwf,Mu'tal
1393,Hnjr,Shahih
1394,Ewq,Mu'tal
1395,slq,Shahih
1396,nHb,Shahih
1397,SyS,Mu'tal
1398,wTr,Mu'tal
1399,mzq,Shahih
1400,srd,Shahih
1401,jfn,Shahih
1402,Erm,Shahih
1403,xmT,Shahih
1404,Avl,Mu'tal
1405,sdr,Shahih
1406,nw$,Mu'tal
1407,qTmr,Shahih
1408,lgb,Shahih
1409,qmH,Shahih
1410,Erjn,Shahih
1411,jdv,Shahih
1412,$gl,Shahih
1413,msx,Shahih
1414,rmm,Shahih
1415,zjr,Shahih
1416,vqb,Shahih
1417,lzb,Shahih
1418,kAs,Mu'tal
1419,l**,Shahih
1420,gwl,Mu'tal
1421,nzf,Shahih
1422,zqm,Shahih
1423,$wb,Mu'tal
1424,sqm,Shahih
1425,rwg,Mu'tal
1426,zff,Shahih
1427,tll,Shahih
1428,jbn,Shahih
1429,Abq,Mu'tal
1430,shm,Shahih
1431,lqm,Shahih
1432,swH,Mu'tal
1433,lwt,Mu'tal
1434,nwS,Mu'tal
1435,wtd,Mu'tal
1436,qTT,Shahih
1437,nEj,Shahih
1438,Sfn,Shahih
1439,jwd,Mu'tal
1440,rxw,Mu'tal
1441,Hnv,Shahih
1442,qHm,Shahih
1443,kwr,Mu'tal
1444,hyj,Mu'tal
1445,q$Er,Shahih
1446,$ks,Shahih
1447,$mz,Shahih
1448,zmr,Shahih
1449,Azf,Mu'tal
1450,fwD,Mu'tal
1451,slsl,Shahih
1452,sjr,Shahih
1453,dxn,Shahih
1454,SrSr,Shahih
1455,nHs,Shahih
1456,qyD,Mu'tal
1457,kmm,Shahih
1458,Afq,Mu'tal
1459,rkd,Shahih
1460,kwb,Mu'tal
1461,brm,Shahih
1462,rhw,Mu'tal
1463,gly,Mu'tal
1464,Etl,Shahih
1465,dhr,Shahih
1466,Hqf,Shahih
1467,Eyy,Mu'tal
1468,tEs,Shahih
1469,Asn,Mu'tal
1470,Esl,Shahih
1471,mEy,Mu'tal
1472,$rT,Shahih
1473,qfl,Shahih
1474,Dgn,Shahih
1475,lHn,Shahih
1476,mHn,Shahih
1477,nbz,Shahih
1478,lqb,Shahih
1479,jss,Shahih
1480,$Eb,Shahih
1481,lyt,Mu'tal
1482,bsq,Shahih
1483,lfZ,Shahih
1484,Hyd,Mu'tal
1485,Hbk,Shahih
1486,shw,Mu'tal
1487,hjE,Shahih
1488,Skk,Shahih
1489,rqq,Shahih
1490,mwr,Mu'tal
1491,dEE,Shahih
1492,Alt,Mu'tal
1493,khn,Shahih
1494,qwb,Mu'tal
1495,qws,Mu'tal
1496,Dyz,Mu'tal
1497,kdy,Mu'tal
1498,qny,Mu'tal
1499,smd,Shahih
1500,hmr,Shahih
1501,dsr,Shahih
1502,qEr,Shahih
1503,A$r,Mu'tal
1504,dhy,Mu'tal
1505,Anm,Mu'tal
1506,fny,Mu'tal
1507,jll,Shahih
1508,nf*,Shahih
1509,$wZ,Mu'tal
1510,fnn,Shahih
1511,Tmv,Shahih
1512,dhm,Shahih
1513,nDx,Shahih
1514,xym,Mu'tal
1515,rfrf,Shahih
1516,Ebqr,Shahih
1517,rjj,Shahih
1518,bss,Shahih
1519,$Am,Mu'tal
1520,vll,Shahih
1521,wDn,Mu'tal
1522,xDd,Shahih
1523,TlH,Shahih
1524,skb,Shahih
1525,mzn,Shahih
1526,fsH,Shahih
1527,jls,Shahih
1528,wjf,Mu'tal
1529,rSS,Shahih
1530,x$b,Shahih
1531,snd,Shahih
1532,gbn,Shahih
1533,vyb,Mu'tal
1534,Tbq,Shahih
1535,nmm,Shahih
1536,znm,Shahih
1537,xrTm,Shahih
1538,Srm,Shahih
1539,Hrd,Shahih
1540,Hsm,Shahih
1541,SrE,Shahih
1542,why,Mu'tal
1543,qTf,Shahih
1544,HDD,Shahih
1545,wtn,Mu'tal
1546,Ehn,Shahih
1547,hlE,Shahih
1548,Ezw,Mu'tal
1549,wfD,Mu'tal
1550,nsr,Shahih
1551,Hrs,Shahih
1552,hrb,Shahih
1553,Hry,Mu'tal
1554,HTb,Shahih
1555,gdq,Shahih
1556,lbd,Shahih
1557,zml,Shahih
1558,btl,Shahih
1559,gSS,Shahih
1560,kvb,Shahih
1561,hyl,Mu'tal
1562,dvr,Shahih
1563,Ebs,Shahih
1564,bsr,Shahih
1565,qsr,Shahih
1566,Hrk,Shahih
1567,nDr,Shahih
1568,trq,Shahih
1569,mTw,Mu'tal
1570,sdy,Mu'tal
1571,m$j,Shahih
1572,mzj,Shahih
1573,qmTr,Shahih
1574,zmhr,Shahih
1575,kft,Shahih
1576,$mx,Shahih
1577,lhb,Shahih
1578,whj,Mu'tal
1579,vjj,Shahih
1580,dhq,Shahih
1581,n$T,Shahih
1582,nxr,Shahih
1583,shr,Shahih
1584,smk,Shahih
1585,gT$,Shahih
1586,dHw,Mu'tal
1587,Tmm,Shahih
1588,qDb,Shahih
1589,Abb,Mu'tal
1590,Sxx,Shahih
1591,kdr,Shahih
1592,wH$,Mu'tal
1593,k$T,Shahih
1594,xns,Shahih
1595,kns,Shahih
1596,EsEs,Shahih
1597,Dnn,Shahih
1598,bEvr,Shahih
1599,Tff,Shahih
1600,ryn,Mu'tal
1601,rHq,Shahih
1602,snm,Shahih
1603,gmz,Shahih
1604,kdH,Shahih
1605,wsq,Mu'tal
1606,dfq,Shahih
1607,hzl,Shahih
1608,sTH,Shahih
1609,swT,Mu'tal
1610,jmm,Shahih
1611,kbd,Shahih
1612,$fh,Shahih
1613,njd,Shahih
1614,fkk,Shahih
1615,sgb,Shahih
1616,THw,Mu'tal
1617,lhm,Shahih
1618,dsw,Mu'tal
1619,dmdm,Shahih
1620,lZy,Mu'tal
1621,sjw,Mu'tal
1622,tyn,Mu'tal
1623,sfE,Shahih
1624,zbn,Shahih
1625,DbH,Shahih
1626,qdH,Shahih
1627,nqE,Shahih
1628,knd,Shahih
1629,HSl,Shahih
1630,fyl,Mu'tal
1631,$tw,Mu'tal
1632,Syf,Mu'tal
1633,mEn,Shahih
1634,nHr,Shahih
1635,btr,Shahih
1636,jyd,Mu'tal
1637,msd,Shahih
1638,Smd,Shahih
1639,kfA,Mu'tal
1640,wqb,Mu'tal
1641,nfv,Shahih
,Root Mu'tal,589
,Root Shahih,1052
